state,District,MPCE_URP,MPCE_MRP,state_1
22,10,3332.0,3715.73,CHTSD
22,10,4342.5,6038.73,CHTSD
22,10,1291.0,1553.47,CHTSD
22,10,2741.83,3341.78,CHTSD
22,10,2005.25,2121.28,CHTSD
22,10,2536.17,4316.9,CHTSD
22,10,1000.7,1104.69,CHTSD
22,10,1138.17,1427.85,CHTSD
22,7,3679.75,5121.6,CHTSD
22,7,2366.71,3697.07,CHTSD
22,7,2771.0,3913.68,CHTSD
22,7,2347.6,3407.81,CHTSD
22,7,1856.17,2487.63,CHTSD
22,7,2550.75,3803.68,CHTSD
22,7,930.4,1132.89,CHTSD
22,7,2229.25,3397.78,CHTSD
22,8,5764.0,6532.49,CHTSD
22,8,6044.0,6622.08,CHTSD
22,8,1829.0,2498.06,CHTSD
22,8,1463.5,1563.23,CHTSD
22,8,982.25,1070.98,CHTSD
22,8,1316.6,1467.05,CHTSD
22,8,857.0,962.21,CHTSD
22,8,835.8,935.53,CHTSD
22,10,1738.17,1877.5,CHTSD
22,10,2095.5,2644.95,CHTSD
22,10,1031.0,1171.68,CHTSD
22,10,1164.5,1163.86,CHTSD
22,10,926.4,1115.06,CHTSD
22,10,1075.5,1211.98,CHTSD
22,10,685.2,822.12,CHTSD
22,10,847.25,935.4,CHTSD
22,7,2914.2,3447.46,CHTSD
22,7,3447.0,4580.5,CHTSD
22,7,1655.75,1996.93,CHTSD
22,7,1662.2,1948.27,CHTSD
22,7,1559.0,1824.51,CHTSD
22,7,1725.0,1855.27,CHTSD
22,7,926.5,972.53,CHTSD
22,7,658.0,783.49,CHTSD
22,10,2333.0,2574.32,CHTSD
22,10,1821.0,1862.64,CHTSD
22,10,985.33,1073.94,CHTSD
22,10,897.5,967.03,CHTSD
22,10,826.6,984.65,CHTSD
22,10,708.43,793.63,CHTSD
22,10,666.0,716.18,CHTSD
22,10,542.67,637.02,CHTSD
22,9,2978.33,3352.58,CHTSD
22,9,2888.5,4003.02,CHTSD
22,9,875.71,1026.88,CHTSD
22,9,755.33,780.63,CHTSD
22,9,1241.71,1523.85,CHTSD
22,9,740.86,1105.57,CHTSD
22,9,593.0,725.85,CHTSD
22,9,602.43,701.88,CHTSD
22,6,1821.2,2329.84,CHTSD
22,6,1207.6,1776.52,CHTSD
22,6,1175.0,1485.93,CHTSD
22,6,1350.25,1752.07,CHTSD
22,6,1653.2,2232.52,CHTSD
22,6,856.4,1134.37,CHTSD
22,6,1018.33,1254.02,CHTSD
22,6,778.13,1135.25,CHTSD
22,11,2452.2,2712.19,CHTSD
22,11,1875.86,2344.64,CHTSD
22,11,1553.0,1787.66,CHTSD
22,11,889.0,1107.32,CHTSD
22,11,978.17,1148.69,CHTSD
22,11,1042.25,1074.44,CHTSD
22,11,584.2,718.81,CHTSD
22,11,587.67,726.37,CHTSD
22,5,1201.75,1590.62,CHTSD
22,5,1776.0,2122.85,CHTSD
22,5,1225.0,1566.4,CHTSD
22,5,739.0,906.95,CHTSD
22,5,2001.25,2732.96,CHTSD
22,5,1246.25,1480.91,CHTSD
22,5,1235.4,1380.72,CHTSD
22,5,654.5,761.76,CHTSD
22,8,5593.0,5926.08,CHTSD
22,8,4616.5,5076.7,CHTSD
22,8,1109.0,1035.33,CHTSD
22,8,1537.33,1730.71,CHTSD
22,8,863.5,909.39,CHTSD
22,8,2728.5,3015.71,CHTSD
22,8,671.86,1314.69,CHTSD
22,8,1017.4,1149.32,CHTSD
22,4,2095.0,2573.11,CHTSD
22,4,3381.0,3760.32,CHTSD
22,4,918.67,1075.63,CHTSD
22,4,559.0,619.82,CHTSD
22,4,1822.0,2194.95,CHTSD
22,4,1189.17,1369.2,CHTSD
22,4,386.36,476.81,CHTSD
22,4,690.57,713.8,CHTSD
22,5,3285.0,3585.0,CHTSD
22,5,6186.5,4544.99,CHTSD
22,5,3497.0,3082.46,CHTSD
22,5,2257.6,2307.56,CHTSD
22,5,2215.0,2294.18,CHTSD
22,5,2358.0,2115.53,CHTSD
22,5,1128.75,1218.34,CHTSD
22,5,1369.25,2807.2,CHTSD
22,7,2198.25,2417.5,CHTSD
22,7,3295.33,4064.83,CHTSD
22,7,1756.5,2570.36,CHTSD
22,7,1096.0,1208.6,CHTSD
22,7,1075.5,1239.4,CHTSD
22,7,2503.5,3104.94,CHTSD
22,7,1172.67,1378.97,CHTSD
22,7,809.4,960.63,CHTSD
22,3,5339.0,5687.73,CHTSD
22,3,3806.7,1878.43,CHTSD
22,3,1382.67,1261.62,CHTSD
22,3,1506.8,1673.85,CHTSD
22,3,1414.0,897.84,CHTSD
22,3,951.0,1191.41,CHTSD
22,3,1189.0,1034.21,CHTSD
22,3,845.0,1115.16,CHTSD
22,7,1345.0,1757.2,CHTSD
22,7,3791.0,3751.02,CHTSD
22,7,1774.0,2203.45,CHTSD
22,7,1103.75,1259.37,CHTSD
22,7,888.29,955.68,CHTSD
22,7,1062.0,1239.19,CHTSD
22,7,591.14,640.85,CHTSD
22,7,838.8,813.43,CHTSD
22,6,5063.0,4382.32,CHTSD
22,6,3163.0,3263.27,CHTSD
22,6,2791.25,2091.76,CHTSD
22,6,1829.0,1893.11,CHTSD
22,6,1198.67,1372.37,CHTSD
22,6,1997.0,1731.83,CHTSD
22,6,745.5,789.37,CHTSD
22,6,485.83,612.55,CHTSD
22,2,2322.0,2708.55,CHTSD
22,2,2016.8,2496.89,CHTSD
22,2,1800.4,2048.36,CHTSD
22,2,1997.2,2333.09,CHTSD
22,2,1133.4,1091.53,CHTSD
22,2,2324.5,2531.35,CHTSD
22,2,1052.67,1067.6,CHTSD
22,2,1173.5,1181.32,CHTSD
22,9,2320.0,3126.58,CHTSD
22,9,3093.0,4192.59,CHTSD
22,9,1090.0,1196.78,CHTSD
22,9,1025.0,1126.1,CHTSD
22,9,876.5,1137.07,CHTSD
22,9,1035.0,1134.45,CHTSD
22,9,831.6,993.35,CHTSD
22,9,795.0,863.63,CHTSD
22,1,1776.33,1661.28,CHTSD
22,1,3660.0,3846.89,CHTSD
22,1,2645.6,2339.48,CHTSD
22,1,2790.67,2536.41,CHTSD
22,1,1877.88,2125.85,CHTSD
22,1,3240.75,2525.89,CHTSD
22,1,1002.67,992.07,CHTSD
22,1,3735.5,2386.25,CHTSD
22,14,5043.5,5530.08,CHTSD
22,14,2689.75,3528.81,CHTSD
22,14,901.14,1028.83,CHTSD
22,14,835.8,896.41,CHTSD
22,14,285.0,572.67,CHTSD
22,14,1741.5,2020.54,CHTSD
22,14,635.25,763.98,CHTSD
22,14,525.75,698.97,CHTSD
22,11,1917.8,2301.12,CHTSD
22,11,2401.0,2948.55,CHTSD
22,11,1003.33,1021.4,CHTSD
22,11,1155.13,1334.71,CHTSD
22,11,749.33,884.33,CHTSD
22,11,899.5,919.53,CHTSD
22,11,632.67,714.2,CHTSD
22,11,661.75,694.54,CHTSD
22,11,2267.33,2494.21,CHTSD
22,11,619.88,699.16,CHTSD
22,11,2070.67,1775.23,CHTSD
22,11,1686.0,1876.22,CHTSD
22,11,990.0,1074.64,CHTSD
22,11,813.57,867.12,CHTSD
22,11,1706.5,2020.27,CHTSD
22,13,4203.6,2953.89,CHTSD
22,13,3156.14,3162.57,CHTSD
22,13,1794.67,1989.87,CHTSD
22,13,1395.0,1751.68,CHTSD
22,13,1720.67,1343.82,CHTSD
22,13,1109.13,850.0,CHTSD
22,13,1708.83,1719.38,CHTSD
22,13,1179.75,1080.4,CHTSD
22,10,6823.33,8720.99,CHTSD
22,10,2078.0,3574.07,CHTSD
22,10,2407.92,1815.07,CHTSD
22,10,1385.2,1791.72,CHTSD
22,10,1104.6,1224.44,CHTSD
22,10,1858.8,1816.18,CHTSD
22,10,622.67,829.87,CHTSD
22,10,1060.14,892.68,CHTSD
22,12,2703.0,2711.49,CHTSD
22,12,2619.5,2493.34,CHTSD
22,12,886.25,997.83,CHTSD
22,12,1871.0,2483.33,CHTSD
22,12,1571.5,1399.17,CHTSD
22,12,795.86,805.45,CHTSD
22,12,433.4,557.51,CHTSD
22,12,774.25,791.56,CHTSD
22,11,4132.0,2805.24,CHTSD
22,11,3664.67,4118.5,CHTSD
22,11,2529.0,2305.97,CHTSD
22,11,3796.86,2912.35,CHTSD
22,11,1867.0,1690.36,CHTSD
22,11,2974.33,2491.42,CHTSD
22,11,1683.71,2071.78,CHTSD
22,11,1388.5,1317.52,CHTSD
22,10,2471.0,2531.62,CHTSD
22,10,2284.75,2409.89,CHTSD
22,10,2206.25,2343.63,CHTSD
22,10,2302.0,2298.1,CHTSD
22,10,1242.0,1302.48,CHTSD
22,10,1238.86,1059.6,CHTSD
22,10,1238.0,1159.42,CHTSD
22,10,1168.2,1027.13,CHTSD
22,15,2162.33,2420.38,CHTSD
22,15,2102.8,2802.38,CHTSD
22,15,653.4,896.66,CHTSD
22,15,779.25,892.3,CHTSD
22,15,464.0,574.78,CHTSD
22,15,752.0,825.36,CHTSD
22,15,652.33,830.42,CHTSD
22,15,723.44,827.01,CHTSD
22,10,3849.5,4664.95,CHTSD
22,10,6231.5,3499.82,CHTSD
22,10,1089.5,1222.1,CHTSD
22,10,434.4,513.77,CHTSD
22,10,1054.25,1180.16,CHTSD
22,10,2749.0,1800.71,CHTSD
22,10,1147.0,1352.89,CHTSD
22,10,1122.4,1243.5,CHTSD
22,3,2506.71,1888.19,CHTSD
22,3,2339.6,1884.61,CHTSD
22,3,1185.67,1472.92,CHTSD
22,3,1424.0,1617.49,CHTSD
22,3,2571.67,3355.78,CHTSD
22,3,1459.14,1196.41,CHTSD
22,3,792.5,928.48,CHTSD
22,3,807.0,977.86,CHTSD
22,16,2934.0,2657.84,CHTSD
22,16,5683.0,5785.81,CHTSD
22,16,845.5,890.43,CHTSD
22,16,2122.25,2344.01,CHTSD
22,16,952.4,1003.88,CHTSD
22,16,795.0,909.48,CHTSD
22,16,821.86,761.64,CHTSD
22,16,857.5,852.86,CHTSD
22,17,4628.0,4988.27,CHTSD
22,17,1275.8,1528.16,CHTSD
22,17,2610.5,2974.2,CHTSD
22,17,1114.17,1228.28,CHTSD
22,17,3366.67,4125.53,CHTSD
22,17,1667.6,1940.15,CHTSD
22,17,1524.5,1546.81,CHTSD
22,17,1483.33,1612.65,CHTSD
22,2,2341.25,2729.5,CHTSD
22,2,2900.75,3316.33,CHTSD
22,2,1269.38,1389.2,CHTSD
22,2,1978.33,2637.06,CHTSD
22,2,1551.75,1746.91,CHTSD
22,2,2417.4,2657.82,CHTSD
22,2,866.0,1015.69,CHTSD
22,2,939.25,1101.99,CHTSD
22,15,3092.5,3421.59,CHTSD
22,15,6599.0,6468.95,CHTSD
22,15,1179.17,1191.18,CHTSD
22,15,1293.0,1394.92,CHTSD
22,15,2303.75,2830.92,CHTSD
22,15,2750.0,2748.56,CHTSD
22,15,492.71,577.2,CHTSD
22,15,610.0,681.59,CHTSD
22,1,1990.5,2034.58,CHTSD
22,1,2698.67,3048.95,CHTSD
22,1,1371.17,1430.97,CHTSD
22,1,1604.71,1674.87,CHTSD
22,1,1658.33,1743.97,CHTSD
22,1,1861.5,1808.83,CHTSD
22,1,727.0,744.03,CHTSD
22,1,818.5,789.28,CHTSD
22,18,3895.33,3967.84,CHTSD
22,18,2579.2,2926.27,CHTSD
22,18,840.0,960.0,CHTSD
22,18,942.0,1064.6,CHTSD
22,18,885.0,1013.22,CHTSD
22,18,2594.0,2684.0,CHTSD
22,18,690.0,759.04,CHTSD
22,18,715.0,799.66,CHTSD
22,14,2063.6,2928.78,CHTSD
22,14,4385.33,5145.17,CHTSD
22,14,767.5,893.01,CHTSD
22,14,1637.5,1900.81,CHTSD
22,14,1796.0,2227.51,CHTSD
22,14,2718.33,4524.82,CHTSD
22,14,654.0,765.78,CHTSD
22,14,787.2,844.93,CHTSD
22,4,2054.33,2195.38,CHTSD
22,4,1793.83,1960.93,CHTSD
22,4,1561.0,1820.73,CHTSD
22,4,2500.0,2978.77,CHTSD
22,4,1277.38,1456.06,CHTSD
22,4,1289.5,1357.06,CHTSD
22,4,996.0,1080.66,CHTSD
22,4,884.0,943.18,CHTSD
22,13,2404.33,2638.49,CHTSD
22,13,2397.83,2636.65,CHTSD
22,13,979.33,1032.8,CHTSD
22,13,1013.25,784.0,CHTSD
22,13,575.0,690.07,CHTSD
22,13,1056.5,1153.08,CHTSD
22,13,761.0,1025.38,CHTSD
22,13,805.33,873.42,CHTSD
22,17,929.0,1277.75,CHTSD
22,17,686.6,617.67,CHTSD
22,17,594.0,731.41,CHTSD
22,17,698.88,842.2,CHTSD
22,17,584.5,661.25,CHTSD
22,17,709.8,843.94,CHTSD
22,17,575.2,639.56,CHTSD
22,17,565.0,610.31,CHTSD
22,12,3104.38,8049.58,CHTSD
22,12,4577.0,3702.68,CHTSD
22,12,762.25,870.13,CHTSD
22,12,2105.2,1550.67,CHTSD
22,12,2499.5,2428.04,CHTSD
22,12,1004.2,942.83,CHTSD
22,12,439.0,455.16,CHTSD
22,12,702.0,776.79,CHTSD
22,13,7772.75,5005.39,CHTSD
22,13,2393.5,3867.21,CHTSD
22,13,2236.25,2008.68,CHTSD
22,13,1281.4,995.35,CHTSD
22,13,2079.75,2251.53,CHTSD
22,13,1988.14,1391.2,CHTSD
22,13,804.5,597.38,CHTSD
22,13,1530.43,735.5,CHTSD
22,16,2651.0,2857.51,CHTSD
22,16,11357.0,4112.62,CHTSD
22,16,2065.0,2466.1,CHTSD
22,16,2729.0,3000.64,CHTSD
22,16,2286.5,2247.72,CHTSD
22,16,3345.0,2621.71,CHTSD
22,16,2799.0,3530.23,CHTSD
22,16,3025.0,3353.77,CHTSD
22,11,12113.5,11312.73,CHTSD
22,11,3717.67,2930.32,CHTSD
22,11,1690.33,2069.95,CHTSD
22,11,3653.0,2711.9,CHTSD
22,11,3825.5,3055.59,CHTSD
22,11,5123.5,4204.84,CHTSD
22,11,1671.0,969.32,CHTSD
22,11,827.29,681.2,CHTSD
22,15,3997.0,5925.71,CHTSD
22,15,710.83,786.61,CHTSD
22,15,2364.0,2637.7,CHTSD
22,15,3038.0,2719.44,CHTSD
22,15,1456.0,1699.77,CHTSD
22,15,2261.0,2899.77,CHTSD
22,15,201.5,206.16,CHTSD
22,15,472.0,475.36,CHTSD
22,14,3936.0,6185.59,CHTSD
22,14,2521.0,2508.67,CHTSD
22,14,1701.0,2234.26,CHTSD
22,14,2190.0,2326.4,CHTSD
22,14,2932.0,2007.21,CHTSD
22,14,1910.0,2378.08,CHTSD
22,14,459.0,458.86,CHTSD
22,14,721.5,1057.77,CHTSD
22,11,1416.4,1471.66,CHTSD
22,11,2790.67,3158.34,CHTSD
22,11,1934.56,2407.69,CHTSD
22,11,3096.5,3214.03,CHTSD
22,11,766.71,924.93,CHTSD
22,11,1478.5,1569.73,CHTSD
22,11,1237.25,1599.47,CHTSD
22,11,945.2,1060.13,CHTSD
22,18,2892.08,1595.81,CHTSD
22,18,7525.0,7587.82,CHTSD
22,18,917.0,957.62,CHTSD
22,18,730.5,753.65,CHTSD
22,18,917.5,927.84,CHTSD
22,18,979.0,917.84,CHTSD
22,18,779.0,792.01,CHTSD
22,18,753.0,741.13,CHTSD
22,11,3553.0,3975.3,CHTSD
22,11,3876.0,4352.3,CHTSD
22,11,1410.67,1592.63,CHTSD
22,11,2018.5,1575.21,CHTSD
22,11,1138.5,1217.88,CHTSD
22,11,1619.71,1203.51,CHTSD
22,11,280.3,311.94,CHTSD
22,11,166.14,203.48,CHTSD
22,11,7436.0,7123.4,CHTSD
22,11,6528.0,7295.33,CHTSD
22,11,1850.5,2221.05,CHTSD
22,11,2751.0,2744.13,CHTSD
22,11,1484.0,1488.3,CHTSD
22,11,1973.4,2104.25,CHTSD
22,11,1887.25,2026.57,CHTSD
22,11,1174.6,1256.63,CHTSD
22,10,1330.0,1409.32,CHTSD
22,10,1129.2,1306.68,CHTSD
22,10,1063.67,1144.31,CHTSD
22,10,804.5,851.92,CHTSD
22,10,1379.8,1577.25,CHTSD
22,10,793.17,846.09,CHTSD
22,10,443.4,495.59,CHTSD
22,10,661.67,870.84,CHTSD
22,10,3177.5,3289.44,CHTSD
22,10,4309.2,4456.52,CHTSD
22,10,1935.0,2551.58,CHTSD
22,10,1040.0,1137.26,CHTSD
22,10,2156.33,2263.66,CHTSD
22,10,1823.0,2054.42,CHTSD
22,10,581.0,631.38,CHTSD
22,10,669.33,740.3,CHTSD
22,11,3802.8,15810.91,CHTSD
22,11,1652.25,1948.35,CHTSD
22,11,1172.64,1506.71,CHTSD
22,11,1262.6,1245.79,CHTSD
22,11,1299.3,1469.85,CHTSD
22,11,1087.83,1093.23,CHTSD
22,11,917.25,815.4,CHTSD
22,11,959.33,983.4,CHTSD
22,9,3101.67,4377.21,CHTSD
22,9,1572.83,2666.01,CHTSD
22,9,886.91,1014.84,CHTSD
22,9,1022.0,1148.23,CHTSD
22,9,879.8,916.98,CHTSD
22,9,1557.6,1771.58,CHTSD
22,9,597.8,672.07,CHTSD
22,9,725.2,779.83,CHTSD
22,11,1015.0,1075.84,CHTSD
22,11,1573.0,1612.18,CHTSD
22,11,1166.5,1342.03,CHTSD
22,11,1058.4,1760.98,CHTSD
22,11,1365.5,1192.16,CHTSD
22,11,893.27,1007.3,CHTSD
22,11,995.4,1106.63,CHTSD
22,11,1411.0,1486.21,CHTSD
22,10,1241.0,1590.76,CHTSD
22,10,887.0,1000.48,CHTSD
22,10,1021.33,1145.79,CHTSD
22,10,1256.5,1474.55,CHTSD
22,10,923.5,1008.4,CHTSD
22,10,1058.75,1143.82,CHTSD
22,10,350.17,438.25,CHTSD
22,10,500.5,556.46,CHTSD
22,8,3996.75,5277.01,CHTSD
22,8,3049.33,3703.88,CHTSD
22,8,1026.4,1208.18,CHTSD
22,8,830.5,842.6,CHTSD
22,8,1302.67,1202.95,CHTSD
22,8,653.4,865.12,CHTSD
22,8,810.0,912.47,CHTSD
22,8,470.0,565.12,CHTSD
22,12,3224.5,3045.39,CHTSD
22,12,2374.5,2710.56,CHTSD
22,12,1320.0,1536.8,CHTSD
22,12,2697.0,3677.96,CHTSD
22,12,938.6,1089.48,CHTSD
22,12,1440.75,1584.79,CHTSD
22,12,699.33,804.5,CHTSD
22,12,588.75,707.0,CHTSD
22,7,1919.2,2249.32,CHTSD
22,7,3830.0,5890.96,CHTSD
22,7,4500.0,6433.56,CHTSD
22,7,815.5,1093.72,CHTSD
22,7,2668.33,3396.71,CHTSD
22,7,1766.17,2002.13,CHTSD
22,7,1055.25,1262.78,CHTSD
22,7,1001.0,1223.74,CHTSD
22,6,1490.86,1942.04,CHTSD
22,6,1741.33,2328.68,CHTSD
22,6,1093.0,1232.25,CHTSD
22,6,3657.67,4137.05,CHTSD
22,6,1673.6,2027.39,CHTSD
22,6,1725.33,1786.89,CHTSD
22,6,870.5,967.72,CHTSD
22,6,1105.2,1493.91,CHTSD
22,1,1578.83,1970.28,CHTSD
22,1,2023.8,2588.52,CHTSD
22,1,1486.0,1766.04,CHTSD
22,1,1116.43,1326.99,CHTSD
22,1,1640.2,1861.03,CHTSD
22,1,1383.67,1470.51,CHTSD
22,1,909.8,1063.91,CHTSD
22,1,876.17,928.6,CHTSD
22,2,4741.0,3686.96,CHTSD
22,2,3203.0,1844.6,CHTSD
22,2,1359.0,1229.22,CHTSD
22,2,2365.0,1547.42,CHTSD
22,2,2407.0,1729.74,CHTSD
22,2,2216.0,1360.66,CHTSD
22,2,1601.0,1316.55,CHTSD
22,2,3072.67,2558.15,CHTSD
22,5,2757.0,2894.09,CHTSD
22,5,2316.2,2073.94,CHTSD
22,5,753.2,906.87,CHTSD
22,5,2107.5,2228.73,CHTSD
22,5,1545.0,4851.58,CHTSD
22,5,764.2,938.94,CHTSD
22,5,779.0,849.08,CHTSD
22,5,631.75,782.26,CHTSD
22,18,4917.0,5024.67,CHTSD
22,18,4821.33,5102.1,CHTSD
22,18,835.0,939.11,CHTSD
22,18,1319.67,1721.31,CHTSD
22,18,645.86,766.87,CHTSD
22,18,1203.0,1370.67,CHTSD
22,18,918.0,769.78,CHTSD
22,18,480.0,546.78,CHTSD
22,4,3037.75,3363.72,CHTSD
22,4,3367.5,6273.63,CHTSD
22,4,1548.0,1829.1,CHTSD
22,4,1643.0,2218.94,CHTSD
22,4,1664.0,2055.37,CHTSD
22,4,1380.0,1701.78,CHTSD
22,4,665.6,763.7,CHTSD
22,4,666.0,721.75,CHTSD
22,3,3640.67,3951.07,CHTSD
22,3,2982.0,3178.84,CHTSD
22,3,1858.75,2471.54,CHTSD
22,3,2302.33,1578.59,CHTSD
22,3,3089.2,2477.75,CHTSD
22,3,1047.33,1185.89,CHTSD
22,3,1241.75,928.09,CHTSD
22,3,1561.17,1180.2,CHTSD
22,17,5599.0,4301.88,CHTSD
22,17,932.0,863.99,CHTSD
22,17,4581.0,3994.15,CHTSD
22,17,1254.67,1397.95,CHTSD
22,17,649.0,495.79,CHTSD
22,17,2601.0,1862.92,CHTSD
22,17,1634.0,1553.18,CHTSD
22,7,1479.2,1493.41,CHTSD
22,7,2038.5,1931.48,CHTSD
22,7,3669.0,2061.47,CHTSD
22,7,709.83,768.94,CHTSD
22,7,956.33,645.92,CHTSD
22,7,1096.88,1131.04,CHTSD
22,7,545.17,575.12,CHTSD
22,7,756.33,768.27,CHTSD
22,16,10338.0,6408.96,CHTSD
22,16,3309.0,24273.38,CHTSD
22,16,3111.25,2598.58,CHTSD
22,16,1615.0,1488.86,CHTSD
22,16,3204.5,2417.65,CHTSD
22,16,1631.13,1210.03,CHTSD
22,16,716.5,755.4,CHTSD
22,16,716.75,689.4,CHTSD
22,10,3291.5,3408.08,CHTSD
22,10,3351.0,3577.71,CHTSD
22,10,1554.0,1651.94,CHTSD
22,10,2402.17,3056.21,CHTSD
22,10,1865.33,1085.24,CHTSD
22,10,2000.67,1174.15,CHTSD
22,10,783.67,562.89,CHTSD
22,10,928.75,963.96,CHTSD
22,7,2123.8,1777.88,CHTSD
22,7,982.0,1172.27,CHTSD
22,7,1064.5,1240.73,CHTSD
22,7,2456.5,971.19,CHTSD
22,7,1133.57,1006.96,CHTSD
22,7,1091.33,1200.24,CHTSD
22,7,608.33,633.54,CHTSD
22,7,703.2,784.02,CHTSD
22,7,4155.13,2127.95,CHTSD
22,7,2893.8,2272.68,CHTSD
22,7,1959.0,1958.25,CHTSD
22,7,1600.0,1447.73,CHTSD
22,7,2006.67,1869.77,CHTSD
22,7,3552.0,2577.82,CHTSD
22,7,2393.0,1518.41,CHTSD
22,7,1229.25,1130.35,CHTSD
22,10,4696.0,11755.12,CHTSD
22,10,3894.0,11145.23,CHTSD
22,10,2135.4,3075.83,CHTSD
22,10,1202.6,1775.94,CHTSD
22,10,2106.0,2877.75,CHTSD
22,10,817.1,1067.13,CHTSD
22,10,996.33,834.74,CHTSD
22,10,1622.33,1904.63,CHTSD
22,6,1501.0,1633.91,CHTSD
22,6,3343.5,3640.83,CHTSD
22,6,1053.4,1019.1,CHTSD
22,6,797.2,894.68,CHTSD
22,6,737.5,794.97,CHTSD
22,6,475.0,526.58,CHTSD
22,6,796.6,862.68,CHTSD
22,6,946.0,1100.83,CHTSD
22,9,2026.0,3324.39,CHTSD
22,9,2393.0,2872.11,CHTSD
22,9,2145.5,1799.66,CHTSD
22,9,960.33,909.58,CHTSD
22,9,744.5,871.35,CHTSD
22,9,2736.0,2787.6,CHTSD
22,9,820.25,886.05,CHTSD
22,9,670.4,731.17,CHTSD
22,8,983.5,767.82,CHTSD
22,8,1714.33,1391.82,CHTSD
22,8,1310.5,1479.82,CHTSD
22,8,2255.0,2448.15,CHTSD
22,8,1760.0,1722.71,CHTSD
22,8,1232.0,1526.88,CHTSD
22,8,1636.5,1618.59,CHTSD
22,8,1058.4,875.14,CHTSD
22,5,2210.75,2520.75,CHTSD
22,5,2462.5,3138.05,CHTSD
22,5,1349.0,1488.38,CHTSD
22,5,2070.25,1297.34,CHTSD
22,5,1581.0,1531.48,CHTSD
22,5,4388.4,4112.54,CHTSD
22,5,769.17,905.61,CHTSD
22,5,633.5,776.72,CHTSD
22,10,3496.33,3801.26,CHTSD
22,10,2227.5,2347.17,CHTSD
22,10,1318.8,1329.51,CHTSD
22,10,3019.0,3191.6,CHTSD
22,10,2153.0,2157.77,CHTSD
22,10,1080.5,1125.05,CHTSD
22,10,638.2,738.8,CHTSD
22,10,737.0,896.18,CHTSD
22,4,6424.5,5242.14,CHTSD
22,4,1646.83,1930.81,CHTSD
22,4,1062.25,1305.18,CHTSD
22,4,1275.0,1489.73,CHTSD
22,4,1335.1,1769.96,CHTSD
22,4,3202.33,3071.56,CHTSD
22,4,1198.4,894.07,CHTSD
22,4,980.0,1017.91,CHTSD
22,18,2846.0,3581.81,CHTSD
22,18,2441.0,3021.82,CHTSD
22,18,1452.4,1893.03,CHTSD
22,18,2402.5,2471.64,CHTSD
22,18,1274.75,1506.05,CHTSD
22,18,1431.6,1616.28,CHTSD
22,18,409.0,493.66,CHTSD
22,18,490.6,601.89,CHTSD
22,13,3049.8,3881.25,CHTSD
22,13,25492.67,6412.62,CHTSD
22,13,1458.2,1362.39,CHTSD
22,13,1270.0,1463.62,CHTSD
22,13,1136.5,1089.99,CHTSD
22,13,1324.0,1489.62,CHTSD
22,13,835.5,1725.64,CHTSD
22,13,667.6,653.11,CHTSD
22,14,2878.75,3324.73,CHTSD
22,14,2059.6,2924.78,CHTSD
22,14,3059.5,3468.88,CHTSD
22,14,1021.5,1264.87,CHTSD
22,14,3998.0,4465.81,CHTSD
22,14,3180.67,2609.8,CHTSD
22,14,1777.33,2158.57,CHTSD
22,14,969.25,1119.9,CHTSD
22,17,2115.2,1336.6,CHTSD
22,17,2065.75,1749.69,CHTSD
22,17,1272.33,1292.84,CHTSD
22,17,868.17,1180.5,CHTSD
22,17,446.75,514.76,CHTSD
22,17,1220.8,1243.95,CHTSD
22,17,517.2,630.62,CHTSD
22,17,463.83,539.72,CHTSD
22,12,7203.5,8993.43,CHTSD
22,12,4576.0,7698.7,CHTSD
22,12,3544.0,3975.33,CHTSD
22,12,4693.33,5302.69,CHTSD
22,12,1862.5,2241.95,CHTSD
22,12,8295.0,8454.66,CHTSD
22,12,2533.5,2828.16,CHTSD
22,12,2450.0,2685.82,CHTSD
22,16,2088.0,3279.37,CHTSD
22,16,3288.5,3790.69,CHTSD
22,16,1189.5,1365.7,CHTSD
22,16,1179.2,1415.62,CHTSD
22,16,1102.33,1055.62,CHTSD
22,16,2091.0,2130.33,CHTSD
22,16,536.83,568.03,CHTSD
22,16,793.4,823.54,CHTSD
22,15,3934.75,4109.72,CHTSD
22,15,2439.0,2803.45,CHTSD
22,15,13147.0,16723.58,CHTSD
22,15,2658.0,3699.84,CHTSD
22,15,1513.17,1818.1,CHTSD
22,15,1772.6,2224.55,CHTSD
22,15,1876.8,2298.76,CHTSD
22,15,1228.33,1384.91,CHTSD
22,11,6827.67,8546.16,CHTSD
22,11,11949.75,15842.35,CHTSD
22,11,3741.0,4499.42,CHTSD
22,11,4390.33,4830.65,CHTSD
22,11,4894.0,5377.7,CHTSD
22,11,3185.6,4075.74,CHTSD
22,11,1010.67,1181.62,CHTSD
22,11,791.67,829.89,CHTSD
22,11,5874.0,8279.9,CHTSD
22,11,9665.25,10916.4,CHTSD
22,11,3953.67,4015.86,CHTSD
22,11,2382.0,2001.98,CHTSD
22,11,1226.5,1661.55,CHTSD
22,11,2713.58,3044.71,CHTSD
22,11,905.6,1168.7,CHTSD
22,11,711.4,772.92,CHTSD
22,2,2231.67,2372.15,CHTSD
22,2,5145.0,4599.25,CHTSD
22,2,2914.75,1822.62,CHTSD
22,2,2132.57,1747.38,CHTSD
22,2,2720.17,1999.0,CHTSD
22,2,3327.4,2574.95,CHTSD
22,2,896.25,935.98,CHTSD
22,2,1460.43,1106.57,CHTSD
22,1,2102.8,1567.97,CHTSD
22,1,4082.0,4083.23,CHTSD
22,1,837.0,809.65,CHTSD
22,1,666.5,689.86,CHTSD
22,1,578.0,516.95,CHTSD
22,1,1402.4,916.84,CHTSD
22,1,542.25,424.94,CHTSD
22,1,690.0,571.66,CHTSD
22,3,2799.0,2726.83,CHTSD
22,3,1851.0,1948.69,CHTSD
22,3,2111.67,2061.01,CHTSD
22,3,568.33,584.44,CHTSD
22,3,3169.0,2986.34,CHTSD
22,3,2269.33,2304.81,CHTSD
22,3,1708.0,1698.2,CHTSD
22,3,836.4,864.92,CHTSD
22,15,728.25,845.17,CHTSD
22,15,862.2,1036.56,CHTSD
22,15,592.75,688.85,CHTSD
22,15,684.17,706.33,CHTSD
22,15,741.0,781.27,CHTSD
22,15,1519.67,1366.06,CHTSD
22,15,583.0,632.73,CHTSD
22,15,1063.0,863.27,CHTSD
22,15,698.83,744.83,CHTSD
22,15,1023.33,972.97,CHTSD
22,15,1949.2,1817.58,CHTSD
22,15,626.75,681.27,CHTSD
22,15,595.2,648.71,CHTSD
22,15,5176.0,2656.27,CHTSD
22,15,1391.67,1547.69,CHTSD
22,15,364.0,431.03,CHTSD
22,17,2543.67,1668.48,CHTSD
22,17,1052.0,896.46,CHTSD
22,17,1048.29,787.21,CHTSD
22,17,2708.0,2440.19,CHTSD
22,17,642.57,605.81,CHTSD
22,17,634.67,648.84,CHTSD
22,17,816.17,740.81,CHTSD
22,17,671.0,574.29,CHTSD
22,14,1846.8,4720.8,CHTSD
22,14,1998.0,1701.37,CHTSD
22,14,690.0,735.24,CHTSD
22,14,655.75,762.68,CHTSD
22,14,1091.11,1247.52,CHTSD
22,14,607.5,773.56,CHTSD
22,14,545.0,656.51,CHTSD
22,14,837.33,905.36,CHTSD
22,16,3070.4,3084.26,CHTSD
22,16,2811.67,3027.25,CHTSD
22,16,1243.75,1013.52,CHTSD
22,16,2452.38,1632.67,CHTSD
22,16,539.0,611.04,CHTSD
22,16,481.0,530.97,CHTSD
22,16,565.25,641.07,CHTSD
22,16,570.0,673.01,CHTSD
22,15,22058.33,11434.53,CHTSD
22,15,720.0,772.88,CHTSD
22,15,1156.0,1182.35,CHTSD
22,15,441.0,505.82,CHTSD
22,15,1611.33,1693.28,CHTSD
22,15,563.0,627.71,CHTSD
22,15,579.25,664.11,CHTSD
22,15,524.0,558.08,CHTSD
22,14,1352.0,1530.18,CHTSD
22,14,249.17,268.07,CHTSD
22,14,654.25,793.1,CHTSD
22,14,936.0,871.08,CHTSD
22,14,629.33,677.83,CHTSD
22,14,5321.0,4607.03,CHTSD
22,14,399.2,400.17,CHTSD
22,14,368.33,499.84,CHTSD
22,1,914.11,1075.14,CHTSD
22,1,999.88,1046.65,CHTSD
22,1,1201.67,1277.57,CHTSD
22,1,1637.0,1687.99,CHTSD
22,1,918.67,1019.26,CHTSD
22,1,771.5,816.03,CHTSD
22,1,1446.0,1330.97,CHTSD
22,1,911.0,922.98,CHTSD
22,13,2080.44,1472.39,CHTSD
22,13,702.0,811.32,CHTSD
22,13,678.25,792.09,CHTSD
22,13,451.43,517.59,CHTSD
22,13,2177.6,2380.09,CHTSD
22,13,729.4,951.54,CHTSD
22,13,1357.0,2058.75,CHTSD
22,13,739.86,847.43,CHTSD
22,15,1048.55,1386.88,CHTSD
22,15,1875.0,1942.36,CHTSD
22,15,1888.0,7362.79,CHTSD
22,15,686.67,892.42,CHTSD
22,15,1367.88,1508.92,CHTSD
22,15,1342.33,1444.39,CHTSD
22,15,687.5,1009.69,CHTSD
22,15,565.25,634.5,CHTSD
22,14,870.29,758.68,CHTSD
22,14,602.8,666.72,CHTSD
22,14,573.0,656.63,CHTSD
22,14,409.5,459.33,CHTSD
22,14,464.8,472.53,CHTSD
22,14,557.0,617.0,CHTSD
22,14,518.56,547.19,CHTSD
22,14,666.25,664.66,CHTSD
22,15,1243.5,2674.08,CHTSD
22,15,440.67,472.22,CHTSD
22,15,705.0,633.73,CHTSD
22,15,537.0,492.21,CHTSD
22,15,375.8,424.9,CHTSD
22,15,427.6,419.22,CHTSD
22,15,703.75,634.06,CHTSD
22,15,468.5,512.63,CHTSD
22,13,2437.8,2968.31,CHTSD
22,13,829.75,773.64,CHTSD
22,13,615.0,698.67,CHTSD
22,13,930.5,1023.6,CHTSD
22,13,455.0,522.79,CHTSD
22,13,433.0,505.33,CHTSD
22,13,1061.0,727.85,CHTSD
22,13,571.86,393.18,CHTSD
22,15,867.75,882.42,CHTSD
22,15,870.8,490.2,CHTSD
22,15,398.1,373.44,CHTSD
22,15,465.83,479.96,CHTSD
22,15,1022.0,1060.64,CHTSD
22,15,663.2,615.39,CHTSD
22,15,592.5,697.29,CHTSD
22,15,462.5,489.78,CHTSD
22,14,3506.83,2599.34,CHTSD
22,14,548.0,653.21,CHTSD
22,14,989.0,764.14,CHTSD
22,14,1380.0,1198.24,CHTSD
22,14,6271.67,6689.25,CHTSD
22,14,759.5,851.62,CHTSD
22,14,531.5,632.8,CHTSD
22,14,474.5,457.51,CHTSD
22,12,730.6,880.02,CHTSD
22,12,884.67,1014.26,CHTSD
22,12,702.29,814.0,CHTSD
22,12,1119.0,1271.47,CHTSD
22,12,1387.6,1419.68,CHTSD
22,12,401.33,458.87,CHTSD
22,12,811.0,951.14,CHTSD
22,12,958.83,1130.34,CHTSD
22,16,1217.5,1069.25,CHTSD
22,16,1017.67,960.79,CHTSD
22,16,543.5,519.0,CHTSD
22,16,421.5,495.47,CHTSD
22,16,1182.6,1872.85,CHTSD
22,16,829.33,1045.5,CHTSD
22,16,754.0,787.6,CHTSD
22,16,472.4,494.24,CHTSD
22,12,786.5,696.41,CHTSD
22,12,568.5,584.94,CHTSD
22,12,1086.25,907.04,CHTSD
22,12,664.2,660.86,CHTSD
22,12,940.0,789.25,CHTSD
22,12,591.0,723.33,CHTSD
22,12,614.5,647.17,CHTSD
22,12,705.0,771.58,CHTSD
22,3,1335.88,1402.83,CHTSD
22,3,1204.0,1148.42,CHTSD
22,3,677.25,770.3,CHTSD
22,3,597.0,473.73,CHTSD
22,3,849.0,669.09,CHTSD
22,3,937.0,1010.58,CHTSD
22,3,570.17,639.32,CHTSD
22,3,583.67,625.31,CHTSD
22,2,931.8,1075.85,CHTSD
22,2,1440.17,1535.21,CHTSD
22,2,952.67,1064.45,CHTSD
22,2,1310.6,1238.21,CHTSD
22,2,1269.0,1085.35,CHTSD
22,2,1053.0,1183.12,CHTSD
22,2,945.0,848.97,CHTSD
22,2,704.83,602.55,CHTSD
22,2,1351.0,1430.87,CHTSD
22,2,1036.78,967.43,CHTSD
22,2,652.5,658.29,CHTSD
22,2,1287.8,1247.98,CHTSD
22,2,770.0,819.09,CHTSD
22,2,727.88,726.5,CHTSD
22,2,860.33,800.53,CHTSD
22,2,1203.0,924.44,CHTSD
22,2,1456.0,1512.52,CHTSD
22,2,645.14,618.42,CHTSD
22,2,537.5,510.83,CHTSD
22,2,965.83,810.16,CHTSD
22,2,3187.0,2449.12,CHTSD
22,2,1149.67,891.93,CHTSD
22,2,624.67,687.78,CHTSD
22,2,1043.17,651.37,CHTSD
22,1,1200.2,1134.94,CHTSD
22,1,924.33,931.96,CHTSD
22,1,1937.67,1598.13,CHTSD
22,1,1540.75,1538.66,CHTSD
22,1,1965.67,1848.78,CHTSD
22,1,728.75,721.01,CHTSD
22,1,910.5,873.33,CHTSD
22,1,556.67,497.39,CHTSD
22,2,735.5,902.49,CHTSD
22,2,528.25,584.11,CHTSD
22,2,1023.5,941.21,CHTSD
22,2,742.43,656.86,CHTSD
22,2,798.75,850.53,CHTSD
22,2,3848.0,4637.3,CHTSD
22,2,499.5,550.99,CHTSD
22,2,664.67,728.5,CHTSD
22,2,1678.0,1820.14,CHTSD
22,2,1291.5,1224.29,CHTSD
22,2,692.0,578.05,CHTSD
22,2,708.0,733.86,CHTSD
22,2,1177.8,1186.97,CHTSD
22,2,729.67,670.98,CHTSD
22,2,1960.0,1847.68,CHTSD
22,2,916.0,798.05,CHTSD
22,18,5018.0,1833.89,CHTSD
22,18,1554.0,1686.22,CHTSD
22,18,1465.0,1649.79,CHTSD
22,18,2818.0,3105.95,CHTSD
22,18,634.0,706.49,CHTSD
22,18,1830.0,2063.97,CHTSD
22,18,660.0,737.26,CHTSD
22,18,670.0,748.9,CHTSD
22,3,1350.8,1400.76,CHTSD
22,3,968.0,797.73,CHTSD
22,3,1646.25,1731.03,CHTSD
22,3,880.4,796.29,CHTSD
22,3,1313.75,1090.63,CHTSD
22,3,774.43,744.29,CHTSD
22,3,769.33,826.38,CHTSD
22,3,859.33,547.0,CHTSD
22,17,595.67,590.55,CHTSD
22,17,492.8,549.02,CHTSD
22,17,2620.0,1879.73,CHTSD
22,17,455.0,511.99,CHTSD
22,17,727.0,822.36,CHTSD
22,17,1767.0,1773.26,CHTSD
22,17,500.38,481.81,CHTSD
22,17,438.29,499.69,CHTSD
22,12,1477.25,1644.72,CHTSD
22,12,1007.4,1196.93,CHTSD
22,12,1878.67,2088.85,CHTSD
22,12,427.4,497.43,CHTSD
22,12,849.0,914.92,CHTSD
22,12,1844.0,2072.7,CHTSD
22,12,808.75,1012.17,CHTSD
22,12,543.4,526.87,CHTSD
22,11,644.75,832.46,CHTSD
22,11,636.67,721.87,CHTSD
22,11,557.2,593.35,CHTSD
22,11,710.5,897.35,CHTSD
22,11,2673.8,1765.36,CHTSD
22,11,676.4,666.0,CHTSD
22,11,534.13,711.15,CHTSD
22,11,424.33,505.7,CHTSD
22,11,2487.67,4868.21,CHTSD
22,11,919.5,1580.87,CHTSD
22,11,718.0,905.34,CHTSD
22,11,610.67,733.2,CHTSD
22,11,1873.5,2099.49,CHTSD
22,11,677.33,745.42,CHTSD
22,11,979.25,986.05,CHTSD
22,11,559.0,606.01,CHTSD
22,12,2502.0,2753.72,CHTSD
22,12,1992.33,2141.72,CHTSD
22,12,1033.4,1142.7,CHTSD
22,12,1109.75,1102.58,CHTSD
22,12,1630.33,1898.46,CHTSD
22,12,1041.0,1241.75,CHTSD
22,12,1166.6,1367.96,CHTSD
22,12,755.0,853.01,CHTSD
22,11,1002.2,1349.13,CHTSD
22,11,992.0,935.26,CHTSD
22,11,811.0,907.3,CHTSD
22,11,1148.0,1438.09,CHTSD
22,11,555.43,633.86,CHTSD
22,11,974.17,886.89,CHTSD
22,11,482.14,542.03,CHTSD
22,11,322.0,369.12,CHTSD
22,11,1023.45,1065.44,CHTSD
22,11,2470.25,1430.53,CHTSD
22,11,2405.6,2032.87,CHTSD
22,11,464.2,477.56,CHTSD
22,11,791.0,873.29,CHTSD
22,11,1434.44,1479.75,CHTSD
22,11,718.67,729.95,CHTSD
22,11,573.14,661.18,CHTSD
22,11,3138.67,3710.52,CHTSD
22,11,698.0,910.12,CHTSD
22,11,869.17,974.78,CHTSD
22,11,530.4,664.6,CHTSD
22,11,1194.8,1654.01,CHTSD
22,11,530.89,546.46,CHTSD
22,11,824.83,835.36,CHTSD
22,11,619.0,720.83,CHTSD
22,10,3085.71,4119.68,CHTSD
22,10,2106.6,2726.6,CHTSD
22,10,2406.4,3120.4,CHTSD
22,10,1639.0,2329.55,CHTSD
22,10,1909.5,2472.98,CHTSD
22,10,887.0,1147.62,CHTSD
22,10,449.36,567.13,CHTSD
22,10,1861.0,1977.62,CHTSD
22,13,2427.33,2921.58,CHTSD
22,13,867.0,981.04,CHTSD
22,13,2253.75,1932.76,CHTSD
22,13,1029.0,1187.22,CHTSD
22,13,1484.4,1645.51,CHTSD
22,13,2375.67,1624.25,CHTSD
22,13,1767.17,1468.58,CHTSD
22,13,637.0,759.16,CHTSD
22,10,2317.5,3186.82,CHTSD
22,10,618.6,704.89,CHTSD
22,10,882.2,1097.38,CHTSD
22,10,881.38,858.88,CHTSD
22,10,1878.0,2554.37,CHTSD
22,10,656.11,752.35,CHTSD
22,10,1299.0,1544.54,CHTSD
22,10,682.29,797.93,CHTSD
22,11,6827.5,3647.4,CHTSD
22,11,1622.5,2182.98,CHTSD
22,11,1142.75,1296.52,CHTSD
22,11,454.1,674.52,CHTSD
22,11,1696.0,3333.85,CHTSD
22,11,825.0,881.3,CHTSD
22,11,824.25,839.06,CHTSD
22,10,735.43,848.29,CHTSD
22,10,626.5,733.01,CHTSD
22,10,599.33,619.17,CHTSD
22,10,489.33,1251.49,CHTSD
22,10,1107.0,1361.04,CHTSD
22,10,634.0,655.34,CHTSD
22,10,632.67,729.2,CHTSD
22,10,785.0,909.52,CHTSD
22,10,3129.67,4476.47,CHTSD
22,10,767.0,859.27,CHTSD
22,10,1253.8,1145.76,CHTSD
22,10,1044.67,1023.97,CHTSD
22,10,1104.0,2197.52,CHTSD
22,10,1529.17,2001.11,CHTSD
22,10,1735.0,2521.38,CHTSD
22,10,793.5,1038.57,CHTSD
22,11,924.33,1448.8,CHTSD
22,11,712.4,836.1,CHTSD
22,11,1101.69,924.37,CHTSD
22,11,1027.5,2261.4,CHTSD
22,11,1730.33,1700.79,CHTSD
22,11,1662.0,1587.12,CHTSD
22,11,795.67,1031.74,CHTSD
22,11,584.13,498.8,CHTSD
22,10,1191.86,1227.45,CHTSD
22,10,760.33,792.39,CHTSD
22,10,865.33,913.83,CHTSD
22,10,397.38,449.4,CHTSD
22,10,1793.17,3437.53,CHTSD
22,10,1753.4,2239.29,CHTSD
22,10,512.0,589.26,CHTSD
22,10,852.0,940.77,CHTSD
22,11,2392.0,2802.66,CHTSD
22,11,3428.0,3831.54,CHTSD
22,11,647.8,716.83,CHTSD
22,11,1003.67,832.43,CHTSD
22,11,447.67,475.32,CHTSD
22,11,384.33,445.7,CHTSD
22,11,529.4,618.0,CHTSD
22,11,470.0,577.36,CHTSD
22,11,696.86,1002.85,CHTSD
22,11,1795.75,1809.72,CHTSD
22,11,1010.57,1112.05,CHTSD
22,11,1636.2,1710.0,CHTSD
22,11,504.5,430.72,CHTSD
22,11,522.75,563.73,CHTSD
22,11,826.0,838.05,CHTSD
22,11,823.5,849.18,CHTSD
22,10,1330.0,1168.64,CHTSD
22,10,1042.54,1345.09,CHTSD
22,10,916.5,713.12,CHTSD
22,10,1107.0,1324.81,CHTSD
22,10,1122.0,1018.58,CHTSD
22,10,915.0,784.28,CHTSD
22,10,353.0,416.97,CHTSD
22,10,1621.4,2291.7,CHTSD
22,11,1888.75,2227.48,CHTSD
22,11,1413.86,1274.72,CHTSD
22,11,1710.4,1803.59,CHTSD
22,11,1655.0,1489.25,CHTSD
22,11,1989.36,2009.66,CHTSD
22,11,706.25,757.83,CHTSD
22,11,1100.29,1059.66,CHTSD
22,11,1452.0,1519.4,CHTSD
22,10,2193.89,2112.69,CHTSD
22,10,1296.4,1989.52,CHTSD
22,10,922.0,1266.79,CHTSD
22,10,1587.8,1599.56,CHTSD
22,10,937.14,1113.65,CHTSD
22,10,810.67,895.69,CHTSD
22,10,836.0,1122.44,CHTSD
22,10,615.25,800.04,CHTSD
22,10,1369.79,1868.82,CHTSD
22,10,839.5,1230.82,CHTSD
22,10,371.22,597.0,CHTSD
22,10,924.25,1041.98,CHTSD
22,10,580.5,671.49,CHTSD
22,10,843.0,2667.14,CHTSD
22,10,4560.0,792.21,CHTSD
22,10,590.25,649.94,CHTSD
22,8,1374.25,1261.34,CHTSD
22,8,1409.0,1459.48,CHTSD
22,8,424.33,427.58,CHTSD
22,8,553.5,419.28,CHTSD
22,8,1164.0,1316.29,CHTSD
22,8,2505.2,1969.35,CHTSD
22,8,702.17,747.58,CHTSD
22,8,724.75,800.98,CHTSD
22,9,2545.0,4373.51,CHTSD
22,9,1598.5,1305.45,CHTSD
22,9,1629.75,2265.37,CHTSD
22,9,1597.5,2791.68,CHTSD
22,9,1325.33,2192.96,CHTSD
22,9,573.8,863.53,CHTSD
22,9,1220.8,1030.06,CHTSD
22,9,495.0,574.62,CHTSD
22,10,1882.75,1871.7,CHTSD
22,10,2666.33,3010.95,CHTSD
22,10,463.33,506.85,CHTSD
22,10,802.0,659.58,CHTSD
22,10,378.0,381.81,CHTSD
22,10,788.75,759.64,CHTSD
22,10,1047.67,956.33,CHTSD
22,10,1438.0,1301.95,CHTSD
22,8,2360.2,5607.93,CHTSD
22,8,4532.5,4499.66,CHTSD
22,8,996.25,1000.46,CHTSD
22,8,959.67,1056.38,CHTSD
22,8,1371.0,1282.59,CHTSD
22,8,2491.0,4003.88,CHTSD
22,8,1457.5,1606.3,CHTSD
22,8,436.0,509.47,CHTSD
22,9,2280.5,1452.62,CHTSD
22,9,857.0,675.82,CHTSD
22,9,1088.8,842.7,CHTSD
22,9,925.4,757.39,CHTSD
22,9,3352.2,2277.62,CHTSD
22,9,3704.83,1336.95,CHTSD
22,9,1449.0,1097.42,CHTSD
22,9,1512.0,1176.54,CHTSD
22,9,1748.4,3477.28,CHTSD
22,9,3181.0,4741.46,CHTSD
22,9,631.0,877.99,CHTSD
22,9,224.67,281.14,CHTSD
22,9,451.2,707.45,CHTSD
22,9,955.0,1202.19,CHTSD
22,9,756.36,1128.07,CHTSD
22,9,1017.4,1420.22,CHTSD
22,7,4255.8,5165.91,CHTSD
22,7,655.2,816.46,CHTSD
22,7,1745.25,2020.87,CHTSD
22,7,817.33,1003.8,CHTSD
22,7,4668.0,4852.08,CHTSD
22,7,726.5,809.37,CHTSD
22,7,587.25,792.52,CHTSD
22,7,1009.0,1539.96,CHTSD
22,10,2572.5,2114.04,CHTSD
22,10,869.64,687.34,CHTSD
22,10,834.0,919.48,CHTSD
22,10,793.5,686.92,CHTSD
22,10,1278.67,1195.06,CHTSD
22,10,811.75,871.08,CHTSD
22,10,821.75,883.36,CHTSD
22,10,740.5,754.03,CHTSD
22,7,1573.75,1945.83,CHTSD
22,7,441.75,527.0,CHTSD
22,7,682.67,733.44,CHTSD
22,7,886.2,1269.95,CHTSD
22,7,523.64,685.27,CHTSD
22,7,631.0,710.86,CHTSD
22,7,853.5,1525.32,CHTSD
22,7,589.17,647.23,CHTSD
22,5,1353.5,1428.64,CHTSD
22,5,731.2,747.31,CHTSD
22,5,550.17,694.98,CHTSD
22,5,421.67,499.95,CHTSD
22,5,916.33,1003.82,CHTSD
22,5,578.0,717.5,CHTSD
22,5,410.8,484.12,CHTSD
22,5,381.33,571.47,CHTSD
22,5,587.57,570.37,CHTSD
22,5,550.75,618.39,CHTSD
22,5,463.2,531.04,CHTSD
22,5,862.33,997.63,CHTSD
22,5,856.5,1737.53,CHTSD
22,5,499.0,585.37,CHTSD
22,5,675.0,755.14,CHTSD
22,5,578.2,698.5,CHTSD
22,6,999.33,1541.02,CHTSD
22,6,1183.0,1608.16,CHTSD
22,6,628.0,791.96,CHTSD
22,6,1077.2,1306.02,CHTSD
22,6,1214.5,1241.08,CHTSD
22,6,544.33,685.75,CHTSD
22,6,917.0,1080.01,CHTSD
22,6,333.0,361.53,CHTSD
22,4,1834.0,2136.4,CHTSD
22,4,664.0,749.48,CHTSD
22,4,851.5,991.26,CHTSD
22,4,642.83,708.08,CHTSD
22,4,1544.25,1822.59,CHTSD
22,4,607.5,719.99,CHTSD
22,4,735.0,825.63,CHTSD
22,4,812.0,912.55,CHTSD
22,6,7043.33,6068.86,CHTSD
22,6,3610.25,3616.81,CHTSD
22,6,3901.0,2817.2,CHTSD
22,6,6004.0,4088.11,CHTSD
22,6,2144.33,1958.35,CHTSD
22,6,1724.33,1480.54,CHTSD
22,6,2225.0,1560.55,CHTSD
22,6,1924.25,1584.28,CHTSD
22,6,745.0,898.7,CHTSD
22,6,1712.13,2400.72,CHTSD
22,6,2022.5,1518.53,CHTSD
22,6,848.17,1056.66,CHTSD
22,6,951.0,1074.56,CHTSD
22,6,1651.75,1972.91,CHTSD
22,6,737.88,793.46,CHTSD
22,6,1289.0,1392.97,CHTSD
22,4,2203.38,2011.94,CHTSD
22,4,2666.0,2708.64,CHTSD
22,4,2573.5,2308.64,CHTSD
22,4,1383.25,1309.59,CHTSD
22,4,2385.5,2282.14,CHTSD
22,4,928.5,903.73,CHTSD
22,4,670.14,652.12,CHTSD
22,4,1445.38,1290.06,CHTSD
22,7,924.25,1232.71,CHTSD
22,7,827.6,1170.39,CHTSD
22,7,1385.0,1634.92,CHTSD
22,7,986.25,1499.74,CHTSD
22,7,843.5,851.72,CHTSD
22,7,1199.0,1480.51,CHTSD
22,7,918.71,1457.13,CHTSD
22,7,373.67,407.39,CHTSD
22,4,1141.88,823.14,CHTSD
22,4,1565.8,1316.07,CHTSD
22,4,1003.89,778.59,CHTSD
22,4,1271.33,1015.67,CHTSD
22,4,1348.29,930.96,CHTSD
22,4,941.43,751.31,CHTSD
22,4,1080.8,835.07,CHTSD
22,4,910.25,766.24,CHTSD
22,9,1167.21,1614.37,CHTSD
22,9,1281.67,1101.39,CHTSD
22,9,833.33,1101.42,CHTSD
22,9,1054.33,1112.48,CHTSD
22,9,1267.38,2077.11,CHTSD
22,9,1393.75,1520.22,CHTSD
22,9,2342.75,1374.6,CHTSD
22,9,3017.0,1453.93,CHTSD
22,7,884.33,931.2,CHTSD
22,7,411.6,530.53,CHTSD
22,7,409.71,489.19,CHTSD
22,7,499.8,704.13,CHTSD
22,7,800.83,944.67,CHTSD
22,7,531.33,624.76,CHTSD
22,7,1264.8,1621.87,CHTSD
22,7,1345.5,1595.16,CHTSD
22,7,3076.15,1928.07,CHTSD
22,7,2189.2,2066.65,CHTSD
22,7,1115.57,885.28,CHTSD
22,7,735.71,634.18,CHTSD
22,7,2019.5,3566.85,CHTSD
22,7,898.67,984.12,CHTSD
22,7,2465.2,2147.56,CHTSD
22,7,545.56,580.03,CHTSD
22,9,1322.0,1323.97,CHTSD
22,9,1243.0,1311.63,CHTSD
22,9,804.4,866.62,CHTSD
22,9,1670.5,1749.97,CHTSD
22,9,1271.0,1328.95,CHTSD
22,9,528.5,605.03,CHTSD
22,9,949.17,1027.06,CHTSD
22,9,527.5,655.51,CHTSD
22,7,457.5,517.2,CHTSD
22,7,599.8,591.28,CHTSD
22,7,874.5,1026.14,CHTSD
22,7,1063.0,897.49,CHTSD
22,7,750.25,858.2,CHTSD
22,7,554.0,633.73,CHTSD
22,7,1983.0,1804.63,CHTSD
22,7,640.5,781.46,CHTSD
22,8,1487.0,1529.01,CHTSD
22,8,511.33,556.89,CHTSD
22,8,601.75,666.64,CHTSD
22,8,817.67,875.13,CHTSD
22,8,1289.2,1408.91,CHTSD
22,8,852.8,946.31,CHTSD
22,8,1210.8,729.24,CHTSD
22,8,4392.25,3562.66,CHTSD
22,8,1413.13,1749.15,CHTSD
22,8,403.0,518.43,CHTSD
22,8,1112.0,1236.93,CHTSD
22,8,1049.5,1293.82,CHTSD
22,8,979.67,2535.74,CHTSD
22,8,851.5,968.83,CHTSD
22,8,470.6,505.65,CHTSD
22,7,1440.5,1504.27,CHTSD
22,7,955.75,1018.93,CHTSD
22,7,576.67,613.74,CHTSD
22,7,415.88,453.89,CHTSD
22,7,480.0,481.78,CHTSD
22,7,959.5,890.61,CHTSD
22,7,1504.5,1214.36,CHTSD
22,7,509.0,534.07,CHTSD
22,9,1778.67,2331.0,CHTSD
22,9,878.67,1009.51,CHTSD
22,9,1385.0,1301.76,CHTSD
22,9,768.0,689.35,CHTSD
22,9,1767.44,1682.53,CHTSD
22,9,840.0,682.38,CHTSD
22,9,871.0,1035.38,CHTSD
22,9,1115.33,1028.01,CHTSD
22,6,1275.83,1157.52,CHTSD
22,6,807.75,882.48,CHTSD
22,6,530.67,582.58,CHTSD
22,6,546.29,565.94,CHTSD
22,6,1090.6,1160.05,CHTSD
22,6,1267.25,1225.71,CHTSD
22,6,1407.0,1862.89,CHTSD
22,6,653.2,773.53,CHTSD
22,4,1335.25,1481.37,CHTSD
22,4,1198.75,1383.16,CHTSD
22,4,973.4,1012.54,CHTSD
22,4,608.29,710.67,CHTSD
22,4,927.5,1025.31,CHTSD
22,4,812.5,888.9,CHTSD
22,4,596.0,626.68,CHTSD
22,4,672.5,740.47,CHTSD
22,2,848.0,922.99,CHTSD
22,2,1489.0,1618.61,CHTSD
22,2,789.83,779.06,CHTSD
22,2,646.67,800.01,CHTSD
22,2,1525.43,1746.58,CHTSD
22,2,1324.75,1325.09,CHTSD
22,2,1282.5,1367.99,CHTSD
22,2,809.25,870.25,CHTSD
22,2,1014.38,984.02,CHTSD
22,2,1137.33,1318.64,CHTSD
22,2,1221.2,1271.46,CHTSD
22,2,1052.33,1086.37,CHTSD
22,2,1518.0,1597.28,CHTSD
22,2,847.88,837.64,CHTSD
22,2,713.0,731.86,CHTSD
22,2,891.75,956.4,CHTSD
22,4,1523.0,1847.3,CHTSD
22,4,1622.5,2174.42,CHTSD
22,4,688.33,817.12,CHTSD
22,4,1525.0,1572.26,CHTSD
22,4,649.67,801.72,CHTSD
22,4,956.0,983.57,CHTSD
22,4,548.25,639.28,CHTSD
22,4,671.5,781.84,CHTSD
22,2,1022.9,1216.15,CHTSD
22,2,920.42,1022.19,CHTSD
22,2,699.8,750.16,CHTSD
22,2,801.29,889.5,CHTSD
22,2,2290.4,2098.49,CHTSD
22,2,816.5,876.13,CHTSD
22,2,1144.5,1217.48,CHTSD
22,2,1243.67,1410.14,CHTSD
22,3,3782.8,3082.51,CHTSD
22,3,5402.0,3258.13,CHTSD
22,3,1683.0,1266.33,CHTSD
22,3,1261.4,909.07,CHTSD
22,3,2408.0,2200.63,CHTSD
22,3,1684.0,1310.18,CHTSD
22,3,1734.44,1576.13,CHTSD
22,3,1150.0,953.61,CHTSD
22,3,1846.0,2329.75,CHTSD
22,3,2271.2,2577.83,CHTSD
22,3,2501.33,3005.41,CHTSD
22,3,1319.8,1484.69,CHTSD
22,3,3063.5,2097.44,CHTSD
22,3,3564.75,2589.08,CHTSD
22,3,2301.25,1881.9,CHTSD
22,3,1911.0,1546.58,CHTSD
22,2,956.38,1004.86,CHTSD
22,2,1044.83,1143.93,CHTSD
22,2,1698.0,1750.21,CHTSD
22,2,1158.33,1286.06,CHTSD
22,2,765.86,764.9,CHTSD
22,2,1058.75,1121.15,CHTSD
22,2,734.17,838.03,CHTSD
22,2,628.0,626.84,CHTSD
22,4,1620.33,2084.97,CHTSD
22,4,612.4,653.16,CHTSD
22,4,1295.0,1320.23,CHTSD
22,4,1322.5,1263.13,CHTSD
22,4,1235.0,1339.66,CHTSD
22,4,1642.5,1983.18,CHTSD
22,4,1656.0,1556.96,CHTSD
22,4,1123.17,1301.09,CHTSD
22,2,1659.2,1976.67,CHTSD
22,2,2913.71,1993.41,CHTSD
22,2,5038.0,3106.78,CHTSD
22,2,2521.25,2038.05,CHTSD
22,2,963.43,818.27,CHTSD
22,2,1330.5,834.01,CHTSD
22,2,860.13,947.45,CHTSD
22,2,1305.2,1002.72,CHTSD
22,6,731.75,834.66,CHTSD
22,6,1097.0,793.44,CHTSD
22,6,1156.0,1248.05,CHTSD
22,6,631.6,707.65,CHTSD
22,6,849.6,905.02,CHTSD
22,6,1479.25,1308.02,CHTSD
22,6,667.0,728.23,CHTSD
22,6,2487.5,2645.14,CHTSD
22,4,2696.0,3091.58,CHTSD
22,4,2207.8,2460.48,CHTSD
22,4,712.0,752.53,CHTSD
22,4,791.25,853.49,CHTSD
22,4,643.4,741.43,CHTSD
22,4,1423.8,1666.02,CHTSD
22,4,1568.67,1854.01,CHTSD
22,4,1037.89,1324.27,CHTSD
22,4,606.0,517.99,CHTSD
22,4,2226.75,1536.54,CHTSD
22,4,418.0,419.19,CHTSD
22,4,1185.0,1135.82,CHTSD
22,4,1039.5,928.03,CHTSD
22,4,877.0,813.35,CHTSD
22,4,602.86,630.24,CHTSD
22,4,1048.25,796.23,CHTSD
22,5,1329.6,1371.38,CHTSD
22,5,655.67,816.47,CHTSD
22,5,851.0,855.83,CHTSD
22,5,588.25,618.13,CHTSD
22,5,857.67,979.17,CHTSD
22,5,1100.25,1386.57,CHTSD
22,5,905.75,848.5,CHTSD
22,5,725.29,657.28,CHTSD
22,3,1790.75,1897.76,CHTSD
22,3,775.2,845.74,CHTSD
22,3,789.75,824.05,CHTSD
22,3,905.33,877.12,CHTSD
22,3,1642.5,1613.65,CHTSD
22,3,1818.0,1917.59,CHTSD
22,3,936.67,992.07,CHTSD
22,3,491.5,599.78,CHTSD
22,5,2448.5,3003.09,CHTSD
22,5,1747.4,2249.74,CHTSD
22,5,777.14,991.51,CHTSD
22,5,1102.75,1385.73,CHTSD
22,5,1540.57,1187.36,CHTSD
22,5,1684.67,1744.03,CHTSD
22,5,918.2,976.5,CHTSD
22,5,779.0,877.95,CHTSD
22,4,2702.0,3800.9,CHTSD
22,4,867.5,1040.51,CHTSD
22,4,1023.4,1031.13,CHTSD
22,4,587.33,711.24,CHTSD
22,4,1311.75,1477.57,CHTSD
22,4,741.17,742.07,CHTSD
22,4,921.0,852.83,CHTSD
22,4,686.25,728.87,CHTSD
22,3,1193.0,945.12,CHTSD
22,3,688.25,516.55,CHTSD
22,3,703.86,427.75,CHTSD
22,3,666.0,517.55,CHTSD
22,3,430.8,372.14,CHTSD
22,3,405.2,412.35,CHTSD
22,3,552.5,464.76,CHTSD
22,3,717.5,580.31,CHTSD
22,6,1118.18,1009.13,CHTSD
22,6,812.5,792.64,CHTSD
22,6,1748.0,1333.48,CHTSD
22,6,1130.8,938.69,CHTSD
22,6,503.78,468.28,CHTSD
22,6,739.54,728.02,CHTSD
22,6,697.8,623.91,CHTSD
22,6,930.71,597.43,CHTSD
22,2,1619.67,1644.87,CHTSD
22,2,679.33,832.1,CHTSD
22,2,1127.25,1580.85,CHTSD
22,2,1096.5,1212.87,CHTSD
22,2,544.67,567.27,CHTSD
22,2,578.14,726.38,CHTSD
22,2,14270.5,2398.41,CHTSD
22,2,787.8,937.06,CHTSD
22,16,1505.14,1659.84,CHTSD
22,16,819.67,931.31,CHTSD
22,16,556.2,630.58,CHTSD
22,16,587.2,706.23,CHTSD
22,16,1558.0,1838.27,CHTSD
22,16,908.75,1011.59,CHTSD
22,16,1015.75,1166.01,CHTSD
22,16,977.6,1112.89,CHTSD
22,2,3950.2,2888.17,CHTSD
22,2,2953.0,2124.95,CHTSD
22,2,841.0,1059.79,CHTSD
22,2,1361.5,1533.46,CHTSD
22,2,885.25,1147.24,CHTSD
22,2,1868.75,1721.98,CHTSD
22,2,1879.5,1245.43,CHTSD
22,2,1739.5,1300.12,CHTSD
22,16,1262.33,1535.35,CHTSD
22,16,1761.0,1886.75,CHTSD
22,16,638.29,687.03,CHTSD
22,16,1135.67,1231.56,CHTSD
22,16,2236.8,2524.38,CHTSD
22,16,2150.5,2341.62,CHTSD
22,16,2703.0,3258.89,CHTSD
22,16,1439.0,1625.58,CHTSD
22,2,1773.43,1527.93,CHTSD
22,2,2015.0,1659.52,CHTSD
22,2,2703.0,2423.97,CHTSD
22,2,2237.0,1922.37,CHTSD
22,2,1832.4,1487.86,CHTSD
22,2,3804.5,2864.76,CHTSD
22,2,1014.2,829.74,CHTSD
22,2,1247.2,992.27,CHTSD
22,15,1201.09,1352.65,CHTSD
22,15,586.13,675.51,CHTSD
22,15,1488.0,1364.94,CHTSD
22,15,772.6,878.61,CHTSD
22,15,1395.67,1363.59,CHTSD
22,15,2191.86,863.09,CHTSD
22,15,886.6,921.41,CHTSD
22,15,585.2,663.49,CHTSD
22,1,1138.38,1390.74,CHTSD
22,1,818.0,883.73,CHTSD
22,1,1412.0,1481.32,CHTSD
22,1,768.0,1032.34,CHTSD
22,1,1901.5,2699.42,CHTSD
22,1,605.25,715.71,CHTSD
22,1,893.5,1090.28,CHTSD
22,1,772.2,815.9,CHTSD
22,15,603.5,774.99,CHTSD
22,15,625.5,733.99,CHTSD
22,15,513.75,585.09,CHTSD
22,15,793.0,770.42,CHTSD
22,15,937.0,1079.84,CHTSD
22,15,1008.25,829.41,CHTSD
22,15,745.63,762.82,CHTSD
22,15,983.2,926.99,CHTSD
22,2,2129.78,1887.69,CHTSD
22,2,2400.5,1796.39,CHTSD
22,2,2248.8,1615.75,CHTSD
22,2,1233.91,881.82,CHTSD
22,2,2013.09,1385.93,CHTSD
22,2,6005.5,4175.73,CHTSD
22,2,1921.33,1316.47,CHTSD
22,2,1561.0,1243.94,CHTSD
22,15,1060.83,1473.62,CHTSD
22,15,1221.4,1385.37,CHTSD
22,15,778.1,795.92,CHTSD
22,15,1458.4,1951.06,CHTSD
22,15,617.0,666.04,CHTSD
22,15,674.0,741.12,CHTSD
22,15,853.33,833.61,CHTSD
22,5,873.67,1015.24,CHTSD
22,5,838.8,1039.22,CHTSD
22,5,715.25,805.21,CHTSD
22,5,373.83,419.72,CHTSD
22,5,947.67,1138.76,CHTSD
22,5,1342.33,1660.11,CHTSD
22,5,678.0,790.8,CHTSD
22,5,948.5,1092.13,CHTSD
22,3,1632.88,1330.4,CHTSD
22,3,1604.0,1211.6,CHTSD
22,3,1502.8,1113.81,CHTSD
22,3,1625.43,1280.17,CHTSD
22,3,5927.5,3716.83,CHTSD
22,3,1536.13,1381.89,CHTSD
22,3,1671.0,1372.38,CHTSD
22,3,1266.57,1069.03,CHTSD
22,4,901.67,1363.04,CHTSD
22,4,1108.25,1739.48,CHTSD
22,4,881.0,1293.05,CHTSD
22,4,907.33,1203.22,CHTSD
22,4,833.0,1088.07,CHTSD
22,4,858.67,1217.57,CHTSD
22,4,532.5,678.28,CHTSD
22,4,945.5,1178.51,CHTSD
22,5,1202.0,1253.67,CHTSD
22,5,2600.0,3007.95,CHTSD
22,5,752.0,728.32,CHTSD
22,5,735.2,848.84,CHTSD
22,5,622.5,658.24,CHTSD
22,5,615.5,761.94,CHTSD
22,5,758.0,760.84,CHTSD
22,5,606.5,676.61,CHTSD
22,3,1040.43,1326.33,CHTSD
22,3,2149.0,2142.31,CHTSD
22,3,1255.0,1490.38,CHTSD
22,3,1625.33,1985.6,CHTSD
22,3,2727.5,3161.27,CHTSD
22,3,580.33,718.19,CHTSD
22,3,1187.0,1359.33,CHTSD
22,3,1082.67,1055.34,CHTSD
22,4,1130.67,1269.71,CHTSD
22,4,1114.0,1302.63,CHTSD
22,4,1002.6,1285.67,CHTSD
22,4,799.75,946.29,CHTSD
22,4,1509.25,1779.93,CHTSD
22,4,748.6,852.82,CHTSD
22,4,450.8,513.51,CHTSD
22,4,630.0,720.74,CHTSD
22,2,802.11,831.91,CHTSD
22,2,983.0,906.85,CHTSD
22,2,757.29,746.74,CHTSD
22,2,609.33,663.32,CHTSD
22,2,1966.33,2113.7,CHTSD
22,2,968.6,1200.41,CHTSD
22,2,659.13,717.25,CHTSD
22,2,836.8,867.89,CHTSD
22,6,1008.22,1271.88,CHTSD
22,6,1367.2,1571.2,CHTSD
22,6,811.0,963.88,CHTSD
22,6,1129.0,1327.08,CHTSD
22,6,1437.2,1644.98,CHTSD
22,6,1028.83,1195.41,CHTSD
22,6,646.25,761.93,CHTSD
22,6,718.75,850.91,CHTSD
22,2,956.29,976.98,CHTSD
22,2,1149.17,1394.75,CHTSD
22,2,904.0,921.3,CHTSD
22,2,645.0,710.25,CHTSD
22,2,832.7,910.92,CHTSD
22,2,1444.25,1468.77,CHTSD
22,2,887.67,1039.55,CHTSD
22,2,595.43,668.53,CHTSD
22,15,673.6,693.04,CHTSD
22,15,782.0,830.94,CHTSD
22,15,1265.75,1155.13,CHTSD
22,15,1312.5,1386.3,CHTSD
22,15,658.5,730.01,CHTSD
22,15,845.5,993.96,CHTSD
22,15,914.75,1022.93,CHTSD
22,13,1767.67,1827.58,CHTSD
22,13,1452.0,1636.19,CHTSD
22,13,736.5,730.4,CHTSD
22,13,864.57,937.6,CHTSD
22,13,1307.0,1312.89,CHTSD
22,13,781.2,886.02,CHTSD
22,13,1503.5,1684.78,CHTSD
22,13,593.14,538.41,CHTSD
22,13,1759.4,1930.91,CHTSD
22,13,1348.25,1452.98,CHTSD
22,13,1104.75,1229.99,CHTSD
22,13,670.75,827.6,CHTSD
22,13,1795.8,1796.81,CHTSD
22,13,1741.2,2356.42,CHTSD
22,13,1086.17,1273.29,CHTSD
22,13,841.2,850.23,CHTSD
22,15,1990.5,1886.97,CHTSD
22,15,2473.6,2854.86,CHTSD
22,15,956.75,1007.45,CHTSD
22,15,710.67,899.55,CHTSD
22,15,560.83,633.23,CHTSD
22,15,2268.67,1766.47,CHTSD
22,15,356.33,410.03,CHTSD
22,15,1381.33,1938.23,CHTSD
22,12,1811.25,1939.14,CHTSD
22,12,1470.8,1547.53,CHTSD
22,12,1793.25,2230.41,CHTSD
22,12,720.2,788.35,CHTSD
22,12,1955.0,2265.16,CHTSD
22,12,1491.2,1591.62,CHTSD
22,12,1856.0,2064.29,CHTSD
22,12,662.0,701.68,CHTSD
22,14,2152.43,1852.78,CHTSD
22,14,776.67,923.79,CHTSD
22,14,892.67,952.56,CHTSD
22,14,494.0,588.93,CHTSD
22,14,1080.71,1130.62,CHTSD
22,14,1241.5,1426.02,CHTSD
22,14,1201.5,1084.02,CHTSD
22,14,533.75,614.09,CHTSD
22,14,2130.2,2352.3,CHTSD
22,14,1732.0,1573.37,CHTSD
22,14,664.13,784.24,CHTSD
22,14,1019.8,1078.38,CHTSD
22,14,1340.5,1261.71,CHTSD
22,14,924.5,1135.49,CHTSD
22,14,1113.5,1243.84,CHTSD
22,14,777.2,823.04,CHTSD
22,12,1770.29,1644.16,CHTSD
22,12,1339.5,1484.04,CHTSD
22,12,870.83,957.23,CHTSD
22,12,508.5,548.12,CHTSD
22,12,1939.0,2096.4,CHTSD
22,12,1474.5,1783.54,CHTSD
22,12,832.5,841.3,CHTSD
22,12,1546.17,1293.77,CHTSD
22,15,2063.0,2670.31,CHTSD
22,15,474.33,599.58,CHTSD
22,15,669.0,893.92,CHTSD
22,15,497.2,600.88,CHTSD
22,15,1858.33,2278.31,CHTSD
22,15,819.4,1039.5,CHTSD
22,15,921.6,843.3,CHTSD
22,15,598.38,729.37,CHTSD
22,11,1223.33,1429.13,CHTSD
22,11,1991.0,2092.3,CHTSD
22,11,1293.33,1025.82,CHTSD
22,11,330.83,421.13,CHTSD
22,11,1888.5,1866.34,CHTSD
22,11,931.8,627.77,CHTSD
22,11,618.5,639.89,CHTSD
22,11,830.25,729.48,CHTSD
22,14,1444.6,1790.86,CHTSD
22,14,1307.14,1910.94,CHTSD
22,14,2521.0,2916.07,CHTSD
22,14,1389.2,1644.34,CHTSD
22,14,823.0,1000.39,CHTSD
22,14,1332.25,1584.85,CHTSD
22,14,536.0,600.66,CHTSD
22,14,476.0,564.36,CHTSD
22,11,5462.5,5748.7,CHTSD
22,11,1224.0,1424.55,CHTSD
22,11,421.43,477.14,CHTSD
22,11,871.5,953.69,CHTSD
22,11,3412.5,3601.2,CHTSD
22,11,813.4,888.85,CHTSD
22,11,1415.75,1743.9,CHTSD
22,11,2270.83,1862.29,CHTSD
22,12,1752.73,1575.18,CHTSD
22,12,1742.8,2194.2,CHTSD
22,12,724.5,882.0,CHTSD
22,12,903.5,962.19,CHTSD
22,12,902.0,1086.49,CHTSD
22,12,861.0,1145.22,CHTSD
22,12,2427.5,2641.95,CHTSD
22,12,1198.5,1361.86,CHTSD
22,13,1127.63,1175.21,CHTSD
22,13,467.43,528.25,CHTSD
22,13,891.17,875.16,CHTSD
22,13,869.2,896.38,CHTSD
22,13,2533.0,2229.78,CHTSD
22,13,2473.5,1191.31,CHTSD
22,13,1426.5,1379.21,CHTSD
22,11,898.0,956.44,CHTSD
22,11,675.6,731.49,CHTSD
22,11,948.4,1071.15,CHTSD
22,11,716.0,785.86,CHTSD
22,11,1066.2,1147.48,CHTSD
22,11,554.33,750.09,CHTSD
22,11,1757.0,2005.9,CHTSD
22,11,924.5,968.47,CHTSD
22,13,2085.5,2357.14,CHTSD
22,13,916.38,1046.44,CHTSD
22,13,549.5,648.06,CHTSD
22,13,1495.25,1594.91,CHTSD
22,13,2612.2,2977.52,CHTSD
22,13,2210.0,2023.01,CHTSD
22,13,569.6,711.79,CHTSD
22,13,672.83,724.9,CHTSD
22,12,1077.17,1189.11,CHTSD
22,12,1766.4,2115.72,CHTSD
22,12,1847.4,1523.37,CHTSD
22,12,705.5,760.33,CHTSD
22,12,1211.0,1427.87,CHTSD
22,12,1229.0,1283.04,CHTSD
22,12,1163.8,1276.42,CHTSD
22,12,754.5,817.79,CHTSD
22,11,1510.33,1582.32,CHTSD
22,11,1392.0,1427.75,CHTSD
22,11,820.75,946.93,CHTSD
22,11,1450.0,1683.9,CHTSD
22,11,948.75,1031.49,CHTSD
22,11,1500.71,1600.73,CHTSD
22,11,723.14,734.61,CHTSD
22,11,506.5,579.65,CHTSD
22,14,1344.2,1475.91,CHTSD
22,14,1680.67,1640.39,CHTSD
22,14,1844.2,1824.3,CHTSD
22,14,844.67,851.29,CHTSD
22,14,1274.0,1424.71,CHTSD
22,14,1196.67,1257.77,CHTSD
22,14,1973.25,1966.11,CHTSD
22,14,1171.6,1293.67,CHTSD
22,11,1591.4,2554.53,CHTSD
22,11,1727.5,2030.01,CHTSD
22,11,1259.71,1724.63,CHTSD
22,11,1587.25,1543.98,CHTSD
22,11,851.0,1029.76,CHTSD
22,11,1525.0,1768.18,CHTSD
22,11,770.0,729.26,CHTSD
22,11,746.0,960.52,CHTSD
22,11,2220.29,1760.44,CHTSD
22,11,1326.8,1541.9,CHTSD
22,11,1201.83,1375.87,CHTSD
22,11,720.0,864.49,CHTSD
22,11,1841.17,2536.06,CHTSD
22,11,1569.83,1851.87,CHTSD
22,11,1618.75,1865.74,CHTSD
22,11,967.6,1070.31,CHTSD
22,10,660.0,816.96,CHTSD
22,10,655.2,820.31,CHTSD
22,10,584.86,758.66,CHTSD
22,10,354.0,423.4,CHTSD
22,10,576.5,668.45,CHTSD
22,10,1206.4,1993.85,CHTSD
22,10,477.86,552.42,CHTSD
22,10,710.0,782.26,CHTSD
22,10,892.86,1157.93,CHTSD
22,10,785.25,902.2,CHTSD
22,10,759.13,965.84,CHTSD
22,10,556.88,663.01,CHTSD
22,10,1890.5,2106.66,CHTSD
22,10,689.43,853.01,CHTSD
22,10,1085.75,1359.49,CHTSD
22,10,755.6,874.15,CHTSD
22,11,1024.67,1226.21,CHTSD
22,11,2206.33,2448.42,CHTSD
22,11,511.75,549.66,CHTSD
22,11,874.5,788.05,CHTSD
22,11,921.0,1283.96,CHTSD
22,11,901.25,920.63,CHTSD
22,11,917.17,1168.61,CHTSD
22,11,949.4,767.16,CHTSD
22,10,1501.17,1939.35,CHTSD
22,10,851.07,1060.23,CHTSD
22,10,696.25,805.2,CHTSD
22,10,1168.75,1598.9,CHTSD
22,10,492.6,546.53,CHTSD
22,10,613.0,768.38,CHTSD
22,10,532.4,655.04,CHTSD
22,10,973.0,1120.01,CHTSD
22,11,1339.0,1087.77,CHTSD
22,11,1591.25,1807.17,CHTSD
22,11,1617.0,1054.65,CHTSD
22,11,579.0,384.62,CHTSD
22,11,2383.0,1928.27,CHTSD
22,11,1339.57,999.23,CHTSD
22,11,625.25,748.42,CHTSD
22,11,469.0,563.93,CHTSD
22,10,1649.17,2011.64,CHTSD
22,10,1056.33,1182.27,CHTSD
22,10,1156.8,1235.95,CHTSD
22,10,432.4,531.0,CHTSD
22,10,2126.2,1816.22,CHTSD
22,10,862.86,780.61,CHTSD
22,10,2048.0,1492.97,CHTSD
22,10,1132.5,892.89,CHTSD
22,10,2337.67,2480.44,CHTSD
22,10,2949.5,3138.22,CHTSD
22,10,1388.0,1503.47,CHTSD
22,10,470.8,555.9,CHTSD
22,10,994.4,1226.95,CHTSD
22,10,761.8,855.48,CHTSD
22,10,1242.29,1280.09,CHTSD
22,10,1119.33,1420.79,CHTSD
22,11,2680.0,2222.66,CHTSD
22,11,1380.25,1225.74,CHTSD
22,11,1714.6,1355.92,CHTSD
22,11,990.5,951.84,CHTSD
22,11,1795.6,2083.27,CHTSD
22,11,896.4,1018.62,CHTSD
22,11,1154.33,1258.99,CHTSD
22,11,745.25,832.12,CHTSD
22,9,948.0,1099.96,CHTSD
22,9,570.5,666.5,CHTSD
22,9,643.0,762.57,CHTSD
22,9,759.5,851.97,CHTSD
22,9,720.33,836.99,CHTSD
22,9,445.75,517.05,CHTSD
22,9,690.67,820.37,CHTSD
22,9,1069.0,1240.04,CHTSD
22,9,651.33,801.37,CHTSD
22,9,693.0,821.05,CHTSD
22,9,646.0,723.68,CHTSD
22,9,609.0,726.51,CHTSD
22,9,678.6,739.47,CHTSD
22,9,655.5,534.15,CHTSD
22,9,538.89,706.4,CHTSD
22,9,545.0,664.54,CHTSD
22,7,1347.0,1513.3,CHTSD
22,7,1189.75,1386.82,CHTSD
22,7,783.0,926.73,CHTSD
22,7,694.0,761.4,CHTSD
22,7,947.25,1170.86,CHTSD
22,7,1262.8,1487.68,CHTSD
22,7,1094.0,1420.71,CHTSD
22,7,1157.75,1559.67,CHTSD
22,7,800.0,941.37,CHTSD
22,7,544.5,623.82,CHTSD
22,7,731.17,830.24,CHTSD
22,7,1001.0,1181.0,CHTSD
22,7,2034.79,1283.79,CHTSD
22,7,1133.2,1171.09,CHTSD
22,7,734.5,870.94,CHTSD
22,7,888.5,1050.69,CHTSD
22,8,925.4,1185.55,CHTSD
22,8,396.0,452.19,CHTSD
22,8,667.8,822.95,CHTSD
22,8,394.55,441.26,CHTSD
22,8,1050.0,1313.34,CHTSD
22,8,645.83,799.6,CHTSD
22,8,772.14,599.07,CHTSD
22,8,772.0,856.9,CHTSD
22,7,911.5,1250.54,CHTSD
22,7,972.5,1265.62,CHTSD
22,7,697.17,939.63,CHTSD
22,7,920.6,1267.78,CHTSD
22,7,861.0,1058.42,CHTSD
22,7,1090.5,1380.23,CHTSD
22,7,703.75,989.26,CHTSD
22,7,913.0,1065.88,CHTSD
22,8,2442.25,3028.93,CHTSD
22,8,2321.86,2546.84,CHTSD
22,8,2330.0,4808.08,CHTSD
22,8,915.8,1181.5,CHTSD
22,8,932.0,1159.12,CHTSD
22,8,922.5,1139.55,CHTSD
22,8,1691.0,1784.56,CHTSD
22,8,791.75,803.34,CHTSD
22,7,1604.25,1743.53,CHTSD
22,7,811.33,906.58,CHTSD
22,7,1266.6,853.39,CHTSD
22,7,569.0,753.01,CHTSD
22,7,1027.0,1279.53,CHTSD
22,7,1993.0,1863.0,CHTSD
22,7,1143.5,1295.95,CHTSD
22,7,834.5,956.62,CHTSD
22,6,1116.5,1386.29,CHTSD
22,6,595.0,752.91,CHTSD
22,6,808.14,766.07,CHTSD
22,6,614.5,751.67,CHTSD
22,6,912.0,879.34,CHTSD
22,6,964.4,1043.5,CHTSD
22,6,1249.0,1348.27,CHTSD
22,6,603.75,812.52,CHTSD
22,9,738.5,1012.83,CHTSD
22,9,736.0,942.92,CHTSD
22,9,1566.5,1802.8,CHTSD
22,9,986.17,1280.48,CHTSD
22,9,933.71,1198.28,CHTSD
22,9,761.2,907.58,CHTSD
22,9,412.46,483.45,CHTSD
22,9,336.25,394.2,CHTSD
22,6,907.71,1044.59,CHTSD
22,6,1047.0,1091.7,CHTSD
22,6,5968.0,4138.74,CHTSD
22,6,944.8,1038.02,CHTSD
22,6,609.5,718.23,CHTSD
22,6,1227.78,1397.48,CHTSD
22,6,857.67,969.8,CHTSD
22,6,929.33,933.53,CHTSD
22,10,604.63,655.66,CHTSD
22,10,665.0,809.93,CHTSD
22,10,479.17,645.22,CHTSD
22,10,553.43,647.54,CHTSD
22,10,2182.83,2950.12,CHTSD
22,10,1383.2,1429.15,CHTSD
22,10,885.2,1013.13,CHTSD
22,10,1031.8,1265.36,CHTSD
22,9,3431.89,3684.15,CHTSD
22,9,1602.2,1404.12,CHTSD
22,9,722.4,838.13,CHTSD
22,9,713.17,775.52,CHTSD
22,9,1700.75,2075.34,CHTSD
22,9,676.33,796.39,CHTSD
22,9,1005.5,1134.99,CHTSD
22,9,497.5,567.98,CHTSD
22,10,518.38,578.82,CHTSD
22,10,578.33,632.79,CHTSD
22,10,519.25,606.36,CHTSD
22,10,408.0,448.73,CHTSD
22,10,522.0,581.95,CHTSD
22,10,522.0,578.03,CHTSD
22,10,406.0,440.11,CHTSD
22,10,495.67,575.3,CHTSD
22,10,1381.13,1341.93,CHTSD
22,10,2073.0,2341.77,CHTSD
22,10,756.83,831.73,CHTSD
22,10,605.4,689.27,CHTSD
22,10,2289.0,2700.88,CHTSD
22,10,1127.0,1398.78,CHTSD
22,10,1140.0,1312.88,CHTSD
22,10,566.83,681.41,CHTSD
22,9,917.7,1319.15,CHTSD
22,9,556.5,636.52,CHTSD
22,9,672.25,862.35,CHTSD
22,9,752.5,828.73,CHTSD
22,9,1085.25,1238.91,CHTSD
22,9,817.6,884.05,CHTSD
22,9,492.89,557.27,CHTSD
22,9,537.83,601.89,CHTSD
22,10,523.19,585.99,CHTSD
22,10,623.83,603.6,CHTSD
22,10,684.0,889.61,CHTSD
22,10,704.25,828.39,CHTSD
22,10,962.25,1109.0,CHTSD
22,10,737.25,843.48,CHTSD
22,10,606.67,685.74,CHTSD
22,10,526.5,616.97,CHTSD
22,10,1038.89,1462.81,CHTSD
22,10,1273.25,1742.03,CHTSD
22,10,975.0,1213.27,CHTSD
22,10,1020.4,1222.71,CHTSD
22,10,518.67,599.36,CHTSD
22,10,567.4,624.72,CHTSD
22,10,419.67,467.75,CHTSD
22,10,842.33,940.47,CHTSD
22,9,863.71,1101.19,CHTSD
22,9,655.69,791.86,CHTSD
22,9,900.0,1026.14,CHTSD
22,9,759.67,841.96,CHTSD
22,9,619.0,745.47,CHTSD
22,9,727.25,927.56,CHTSD
22,9,439.5,538.37,CHTSD
22,9,521.0,659.22,CHTSD
22,11,4063.0,4363.0,CHTSD
22,11,917.0,1005.12,CHTSD
22,11,736.8,822.2,CHTSD
22,11,529.82,515.37,CHTSD
22,11,952.8,1011.98,CHTSD
22,11,1332.25,1422.92,CHTSD
22,11,621.06,689.0,CHTSD
22,11,740.67,808.66,CHTSD
22,8,1758.6,2006.11,CHTSD
22,8,749.0,882.12,CHTSD
22,8,858.1,968.97,CHTSD
22,8,654.0,768.49,CHTSD
22,8,2768.0,2518.48,CHTSD
22,8,1034.5,1168.47,CHTSD
22,8,4614.0,5237.84,CHTSD
22,8,699.5,812.49,CHTSD
22,7,1461.8,1609.17,CHTSD
22,7,645.0,737.24,CHTSD
22,7,540.0,612.0,CHTSD
22,7,801.0,900.45,CHTSD
22,7,1021.88,1117.48,CHTSD
22,7,559.75,644.02,CHTSD
22,7,1750.83,802.0,CHTSD
22,7,430.0,500.55,CHTSD
22,6,1123.17,1301.09,CHTSD
22,6,801.33,1165.72,CHTSD
22,6,1107.11,1395.67,CHTSD
22,6,591.25,711.62,CHTSD
22,6,677.38,783.81,CHTSD
22,6,689.33,786.87,CHTSD
22,6,525.0,652.19,CHTSD
22,6,609.5,711.97,CHTSD
22,6,1468.5,1589.84,CHTSD
22,6,1290.0,1342.68,CHTSD
22,6,1626.0,1598.16,CHTSD
22,6,1334.67,1275.36,CHTSD
22,6,2537.67,3294.61,CHTSD
22,6,863.86,988.05,CHTSD
22,6,1028.0,1016.25,CHTSD
22,6,564.4,664.59,CHTSD
22,7,880.2,1006.36,CHTSD
22,7,644.5,692.48,CHTSD
22,7,650.2,728.56,CHTSD
22,7,418.5,404.7,CHTSD
22,7,492.4,579.74,CHTSD
22,7,482.67,550.69,CHTSD
22,7,553.25,630.57,CHTSD
22,7,479.5,564.51,CHTSD
22,6,1038.4,1223.91,CHTSD
22,6,664.25,805.21,CHTSD
22,6,577.67,688.02,CHTSD
22,6,855.6,1082.27,CHTSD
22,6,888.6,1081.01,CHTSD
22,6,800.43,1011.19,CHTSD
22,6,705.0,868.97,CHTSD
22,6,585.6,693.19,CHTSD
22,7,1287.75,1456.26,CHTSD
22,7,930.67,1112.65,CHTSD
22,7,1646.25,1834.17,CHTSD
22,7,1462.4,1635.82,CHTSD
22,7,693.38,866.85,CHTSD
22,7,749.0,895.96,CHTSD
22,7,809.33,950.98,CHTSD
22,7,640.0,776.58,CHTSD
22,7,975.8,965.16,CHTSD
22,7,1547.75,1852.48,CHTSD
22,7,1044.75,1014.02,CHTSD
22,7,964.2,1148.5,CHTSD
22,7,1283.67,1593.26,CHTSD
22,7,1051.0,1180.84,CHTSD
22,7,596.33,673.59,CHTSD
22,7,609.0,658.93,CHTSD
22,5,523.4,747.01,CHTSD
22,5,3226.0,3629.56,CHTSD
22,5,956.5,1181.91,CHTSD
22,5,469.57,576.3,CHTSD
22,5,949.17,1170.92,CHTSD
22,5,977.75,1060.25,CHTSD
22,5,1593.5,1930.28,CHTSD
22,5,537.14,632.95,CHTSD
22,8,380.9,452.67,CHTSD
22,8,936.8,1071.56,CHTSD
22,8,472.14,548.89,CHTSD
22,8,677.5,922.12,CHTSD
22,8,882.0,1025.63,CHTSD
22,8,745.6,831.53,CHTSD
22,8,781.2,954.45,CHTSD
22,8,699.67,916.38,CHTSD
22,5,1219.6,1464.61,CHTSD
22,5,724.4,890.39,CHTSD
22,5,820.17,965.92,CHTSD
22,5,759.5,880.65,CHTSD
22,5,1027.2,1037.13,CHTSD
22,5,397.83,500.23,CHTSD
22,5,499.5,590.6,CHTSD
22,5,408.0,496.87,CHTSD
22,2,2109.33,1356.78,CHTSD
22,2,1221.6,1133.18,CHTSD
22,2,1129.13,1138.39,CHTSD
22,2,1489.17,864.5,CHTSD
22,2,1286.2,1254.36,CHTSD
22,2,1147.78,583.55,CHTSD
22,2,1681.33,1361.93,CHTSD
22,2,967.0,858.11,CHTSD
22,2,1375.75,1219.41,CHTSD
22,2,1215.75,1132.62,CHTSD
22,2,581.75,567.15,CHTSD
22,2,470.5,577.76,CHTSD
22,2,470.0,622.47,CHTSD
22,2,796.25,859.33,CHTSD
22,2,830.6,741.71,CHTSD
22,2,726.75,715.16,CHTSD
22,2,931.0,940.63,CHTSD
22,2,1905.5,1950.44,CHTSD
22,2,633.0,686.41,CHTSD
22,2,776.33,801.18,CHTSD
22,2,489.67,500.29,CHTSD
22,2,587.67,611.74,CHTSD
22,2,433.33,448.15,CHTSD
22,2,503.63,495.1,CHTSD
22,1,1113.0,1078.9,CHTSD
22,1,870.83,796.92,CHTSD
22,1,709.88,723.85,CHTSD
22,1,909.78,868.42,CHTSD
22,1,1689.5,1589.61,CHTSD
22,1,781.25,775.9,CHTSD
22,1,634.0,650.78,CHTSD
22,1,672.57,651.84,CHTSD
22,2,824.88,853.55,CHTSD
22,2,776.78,451.33,CHTSD
22,2,734.0,654.95,CHTSD
22,2,502.0,502.89,CHTSD
22,2,1269.75,1113.19,CHTSD
22,2,572.67,544.33,CHTSD
22,2,1239.33,1185.35,CHTSD
22,2,704.6,730.57,CHTSD
